,tmax,tmin,tmid
2013,88.98035131208285,71.10970373514817,71.10970373514817
2014,89.33118455892084,71.12921150853124,71.12921150853124
2015,89.69178719283181,71.1405011418843,71.1405011418843
2016,90.06215921381576,71.14357263520735,71.14357263520735
2017,90.44230062187268,71.13842598850039,71.13842598850039
2018,90.83221141700257,71.12506120176342,71.12506120176342
2019,91.23189159920543,71.10347827499643,71.10347827499643
