,tmax,tmin,tmid
2013,77.02477353779516,69.06341620786485,69.06341620786485
2014,75.97898260003142,69.12866525159284,69.12866525159284
2015,74.86262718670878,69.19574713118398,69.19574713118398
2016,73.67570729782724,69.26466184663828,69.26466184663828
2017,72.41822293338682,69.33540939795571,69.33540939795571
2018,71.09017409338749,69.40798978513631,69.40798978513631
2019,69.69156077782927,69.48240300818006,69.48240300818006
